部署,区分
開発本部 ｲﾝﾌﾗ開発部,
開発本部 ｲﾝﾌﾗ開発部,ｲﾝﾌﾗｸﾞﾙｰﾌﾟ
開発本部 開発部,
開発本部 開発部,開発1ｸﾞﾙｰﾌﾟ
開発本部 開発部,開発3ｸﾞﾙｰﾌﾟ
開発本部 開発部,開発4ｸﾞﾙｰﾌﾟ
開発本部 開発部,開発5ｸﾞﾙｰﾌﾟ
開発本部 開発部,開発6ｸﾞﾙｰﾌﾟ
開発本部 開発部,開発7ｸﾞﾙｰﾌﾟ
広告事業本部,
広告事業本部 ｱﾄﾞﾌﾟﾗｯﾄﾌｫｰﾑ部,
広告事業本部 ｱﾄﾞﾌﾟﾗｯﾄﾌｫｰﾑ部,ｱﾄﾞｵﾍﾟﾚｰｼｮﾝｸﾞﾙｰﾌﾟ
広告事業本部 ｱﾄﾞﾌﾟﾗｯﾄﾌｫｰﾑ部,ｺﾝｻﾙﾀﾝﾄｸﾞﾙｰﾌﾟ
広告事業本部 ｱﾄﾞﾌﾟﾗｯﾄﾌｫｰﾑ部,ｺﾝｻﾙﾀﾝﾄｸﾞﾙｰﾌﾟ ｺﾝｻﾙ1ﾁｰﾑ
広告事業本部 ｱﾄﾞﾌﾟﾗｯﾄﾌｫｰﾑ部,ｺﾝｻﾙﾀﾝﾄｸﾞﾙｰﾌﾟ ｺﾝｻﾙ2ﾁｰﾑ
広告事業本部 ｱﾄﾞﾌﾟﾗｯﾄﾌｫｰﾑ部,ﾃﾞｨﾚｸﾀｰｸﾞﾙｰﾌﾟ
広告事業本部 ｴﾘｱ広告部,
広告事業本部 ｴﾘｱ広告部,ﾃﾞｨﾚｸﾀｰｸﾞﾙｰﾌﾟ
広告事業本部 ﾒﾃﾞｨｱｺﾝｻﾙﾃｨﾝｸﾞ部,
広告事業本部 ﾒﾃﾞｨｱｺﾝｻﾙﾃｨﾝｸﾞ部,ｺﾝｻﾙｸﾞﾙｰﾌﾟ ｺﾝｻﾙ1ﾁｰﾑ
広告事業本部 ﾒﾃﾞｨｱｺﾝｻﾙﾃｨﾝｸﾞ部,ｺﾝｻﾙｸﾞﾙｰﾌﾟ ｺﾝｻﾙ2ﾁｰﾑ
広告事業本部 ﾒﾃﾞｨｱｺﾝｻﾙﾃｨﾝｸﾞ部,事業推進ｸﾞﾙｰﾌﾟ
広告事業本部 ﾒﾃﾞｨｱ企画部,
広告事業本部 ﾒﾃﾞｨｱ企画部,ｵﾍﾟﾚｰｼｮﾝｸﾞﾙｰﾌﾟ
広告事業本部 ﾒﾃﾞｨｱ企画部,ﾒﾃﾞｨｱｸﾞﾙｰﾌﾟ
広告事業本部 ﾒﾃﾞｨｱ企画部,ﾒﾃﾞｨｱｸﾞﾙｰﾌﾟ ｺﾝｻﾙﾁｰﾑ
広告事業本部 ﾒﾃﾞｨｱ企画部,ﾒﾃﾞｨｱｸﾞﾙｰﾌﾟ ﾒﾃﾞｨｱﾁｰﾑ
広告事業本部 ﾒﾃﾞｨｱ企画部,ﾒﾃﾞｨｱｾｰﾙｽｸﾞﾙｰﾌﾟ 1ﾁｰﾑ
広告事業本部 営業企画部,
広告事業本部 営業企画部,ｱｼｽﾀﾝﾄｸﾞﾙｰﾌﾟ ｱｼｽﾀﾝﾄﾁｰﾑ
広告事業本部 営業企画部,ｾｰﾙｽ1ｸﾞﾙｰﾌﾟ ｾｰﾙｽ1ﾁｰﾑ
広告事業本部 営業企画部,ｾｰﾙｽ2ｸﾞﾙｰﾌﾟ
広告事業本部 営業企画部,ｾｰﾙｽ2ｸﾞﾙｰﾌﾟ ｾｰﾙｽ2ﾁｰﾑ
広告事業本部 営業企画部,ｾｰﾙｽ2ｸﾞﾙｰﾌﾟ ｾｰﾙｽ3ﾁｰﾑ
広告事業本部 営業企画部,ｾｰﾙｽ3ｸﾞﾙｰﾌﾟ
広告事業本部 営業企画部,ｾｰﾙｽ3ｸﾞﾙｰﾌﾟ ｾｰﾙｽ4ﾁｰﾑ
広告事業本部 営業企画部,ｾｰﾙｽ3ｸﾞﾙｰﾌﾟ ｾｰﾙｽ5ﾁｰﾑ
広告事業本部 営業企画部,ｾｰﾙｽ3ｸﾞﾙｰﾌﾟ ｾｰﾙｽ6ﾁｰﾑ
事業統括本部 事業開発部,
事業統括本部 事業開発部,事業開発ｸﾞﾙｰﾌﾟ
事業統括本部 社長室,
事業統括本部 制作部,
事業統括本部 制作部,制作ｸﾞﾙｰﾌﾟ
事業統括本部 統括部,
事業統括本部 統括部,統括ｸﾞﾙｰﾌﾟ 統括ﾁｰﾑ
人事総務部,
人事総務部,人事総務部付 休職